{"category_query": [{"_id": "fixed dose_truvada", "query": "truvada", "category": "fixed dose"}, {"_id": "fixed dose_atripla", "query": "atripla", "category": "fixed dose"}, {"_id": "fixed dose_epzicom", "query": "epzicom", "category": "fixed dose"}, {"_id": "fixed dose_complera", "query": "complera", "category": "fixed dose"}, {"_id": "fixed dose_cimduo", "query": "cimduo", "category": "fixed dose"}, {"_id": "fixed dose_combivir", "query": "combivir", "category": "fixed dose"}, {"_id": "fixed dose_descovy", "query": "descovy", "category": "fixed dose"}, {"_id": "fixed dose_temixys", "query": "temixys", "category": "fixed dose"}, {"_id": "fixed dose_trizivir", "query": "trizivir", "category": "fixed dose"}, {"_id": "fixed dose_delstrigo", "query": "delstrigo", "category": "fixed dose"}, {"_id": "fixed dose_odefsey", "query": "odefsey", "category": "fixed dose"}, {"_id": "fixed dose_symfilo", "query": "symfilo", "category": "fixed dose"}, {"_id": "fixed dose_biktarvy", "query": "biktarvy", "category": "fixed dose"}, {"_id": "fixed dose_dovato", "query": "dovato", "category": "fixed dose"}, {"_id": "fixed dose_triumeq", "query": "triumeq", "category": "fixed dose"}, {"_id": "fixed dose_juluca", "query": "juluca", "category": "fixed dose"}, {"_id": "fixed dose_genvoya", "query": "genvoya", "category": "fixed dose"}, {"_id": "fixed dose_stribild", "query": "stribild", "category": "fixed dose"}, {"_id": "fixed dose_kaletra", "query": "kaletra", "category": "fixed dose"}, {"_id": "fixed dose_kivexa", "query": "kivexa", "category": "fixed dose"}, {"_id": "fixed dose_triomune", "query": "triomune", "category": "fixed dose"}, {"_id": "fixed dose_duovir", "query": "duovir", "category": "fixed dose"}, {"_id": "fixed dose_evotaz", "query": "evotaz", "category": "fixed dose"}, {"_id": "fixed dose_prezcobix", "query": "prezcobix", "category": "fixed dose"}, {"_id": "fixed dose_rezolsta", "query": "rezolsta", "category": "fixed dose"}, {"_id": "fixed dose_dutrebiz", "query": "dutrebiz", "category": "fixed dose"}, {"_id": "fixed dose_symfi", "query": "symfi", "category": "fixed dose"}, {"_id": "fixed dose_eviplera", "query": "eviplera", "category": "fixed dose"}, {"_id": "fixed dose_symtuza", "query": "symtuza", "category": "fixed dose"}, {"_id": "fixed dose_cabenuva", "query": "cabenuva", "category": "fixed dose"}, {"_id": "not fixed dose_viread", "query": "viread", "category": "not fixed dose"}, {"_id": "not fixed dose_ftc", "query": "ftc", "category": "not fixed dose"}, {"_id": "not fixed dose_\"ftc treatment\"", "query": "\"ftc treatment\"", "category": "not fixed dose"}, {"_id": "not fixed dose_3tc", "query": "3tc", "category": "not fixed dose"}, {"_id": "not fixed dose_hiv treatment", "query": "hiv treatment", "category": "not fixed dose"}, {"_id": "not fixed dose_isentress", "query": "isentress", "category": "not fixed dose"}, {"_id": "not fixed dose_reyataz", "query": "reyataz", "category": "not fixed dose"}, {"_id": "not fixed dose_norvir", "query": "norvir", "category": "not fixed dose"}, {"_id": "not fixed dose_sustiva", "query": "sustiva", "category": "not fixed dose"}, {"_id": "not fixed dose_stocrin", "query": "stocrin", "category": "not fixed dose"}, {"_id": "not fixed dose_tivicay", "query": "tivicay", "category": "not fixed dose"}, {"_id": "not fixed dose_lamivudine", "query": "lamivudine", "category": "not fixed dose"}, {"_id": "not fixed dose_epivir", "query": "epivir", "category": "not fixed dose"}]}