{"query": [{"_id": "truvada"}, {"_id": "atripla"}, {"_id": "epzicom"}, {"_id": "complera"}, {"_id": "cimduo"}, {"_id": "combivir"}, {"_id": "descovy"}, {"_id": "temixys"}, {"_id": "trizivir"}, {"_id": "delstrigo"}, {"_id": "odefsey"}, {"_id": "symfilo"}, {"_id": "biktarvy"}, {"_id": "dovato"}, {"_id": "triumeq"}, {"_id": "juluca"}, {"_id": "genvoya"}, {"_id": "stribild"}, {"_id": "kaletra"}, {"_id": "kivexa"}, {"_id": "triomune"}, {"_id": "duovir"}, {"_id": "evotaz"}, {"_id": "prezcobix"}, {"_id": "rezolsta"}, {"_id": "dutrebiz"}, {"_id": "symfi"}, {"_id": "eviplera"}, {"_id": "symtuza"}, {"_id": "cabenuva"}, {"_id": "viread"}, {"_id": "ftc"}, {"_id": "\"ftc treatment\""}, {"_id": "3tc"}, {"_id": "hiv treatment"}, {"_id": "isentress"}, {"_id": "reyataz"}, {"_id": "norvir"}, {"_id": "sustiva"}, {"_id": "stocrin"}, {"_id": "tivicay"}, {"_id": "lamivudine"}, {"_id": "epivir"}]}